{
    "alignments": [
        { "id": "lawful_good", "name": "Lawful Good" },
        { "id": "lawful_neutral", "name": "Lawful Neutral" },
        { "id": "lawful_evil", "name": "Lawful Evil" },
        { "id": "neutral_good", "name": "Neutral Good" },
        { "id": "neutral", "name": "Neutral" },
        { "id": "neutral_evil", "name": "Neutral Evil" },
        { "id": "chaotic_good", "name": "Chaotic Good" },
        { "id": "chaotic_neutral", "name": "Chaotic Neutral" },
        { "id": "chaotic_evil", "name": "Chaotic Evil" }
    ]
}