{
  "grimoire": {
    "id": "grimoire",
    "name": "Grimoire",
    "filters": {
      "school": ["abjuration","conjuration","divination","enchantment","evocation","illusion","necromancy","transmutation"],
      "level": [0,1,2,3,4,5,6,7,8,9],
      "class": ["artificer","bard","cleric","druid","paladin","ranger","sorcerer","warlock","wizard"]
    },
    "contents": [
      {
        "id": "acid_splash",
        "name": "Acid Splash",
        "school": "conjuration",
        "castingTime": "1 action",
        "class": ["sorcerer","wizard"],
        "duration": "Instantaneous",
        "range": "60ft (target in 5‑ft sphere)",
        "components": {"v": false,"s": true,"m": null},
        "level": 0,
        "description": "You hurled a bubble of acid to one or two creatures within 5 feet of each other.",
        "damage": "1d6 acid"
      },
      {
        "id": "chill_touch",
        "name": "Chill Touch",
        "school": "necromancy",
        "castingTime": "1 action",
        "class": ["sorcerer","warlock","wizard"],
        "duration": "1 round",
        "range": "120ft",
        "components": {"v": true,"s": true,"m": null},
        "level": 0,
        "description": "You create a ghostly skeletal hand in the space of a creature within range.",
        "damage": "1d8 necrotic"
      },
      {
        "id": "dancing_lights",
        "name": "Dancing Lights",
        "school": "evocation",
        "castingTime": "1 action",
        "class": ["bard","sorcerer","wizard"],
        "duration": "Up to 1 minute",
        "range": "120ft",
        "components": {"v": true,"s": true,"m": null},
        "level": 0,
        "description": "You create up to four torch‑sized lights that hover in the air.",
        "damage": null
      },
      {
        "id": "druidcraft",
        "name": "Druidcraft",
        "school": "transmutation",
        "castingTime": "1 action",
        "class": ["druid"],
        "duration": "Instantaneous",
        "range": "30ft",
        "components": {"v": true,"s": true,"m": null},
        "level": 0,
        "description": "Whisper to the spirit of nature to create sensory effects like harmless flowers or wind.",
        "damage": null
      },
      {
        "id": "eldritch_blast",
        "name": "Eldritch Blast",
        "school": "evocation",
        "castingTime": "1 action",
        "class": ["warlock"],
        "duration": "Instantaneous",
        "range": "120ft",
        "components": {"v": true,"s": true,"m": null},
        "level": 0,
        "description": "A beam of crackling energy streaks toward a creature within range.",
        "damage": "1d10 force"
      },
      {
        "id": "fire_bolt",
        "name": "Fire Bolt",
        "school": "evocation",
        "castingTime": "1 action",
        "class": ["sorcerer","wizard"],
        "duration": "Instantaneous",
        "range": "120ft",
        "components": {"v": true,"s": true,"m": null},
        "level": 0,
        "description": "You hurl a mote of fire at a creature or object within range.",
        "damage": "1d10 fire"
      },
      {
        "id": "guidance",
        "name": "Guidance",
        "school": "divination",
        "castingTime": "1 action",
        "class": ["cleric","druid"],
        "duration": "Concentration, up to 1 minute",
        "range": "Touch",
        "components": {"v": true,"s": true,"m": null},
        "level": 0,
        "description": "Touch a willing creature. It can roll a d4 and add the number to one ability check.",
        "damage": null
      },
      {
        "id": "light",
        "name": "Light",
        "school": "evocation",
        "castingTime": "1 action",
        "class": ["bard","cleric","sorcerer","warlock","wizard"],
        "duration": "1 hour",
        "range": "Touch",
        "components": {"v": true,"s": false,"m": "a firefly or phosphorescent moss"},
        "level": 0,
        "description": "You touch an object to cause it to shed bright light in a 20‑ft radius.",
        "damage": null
      },
      {
        "id": "mage_hand",
        "name": "Mage Hand",
        "school": "conjuration",
        "castingTime": "1 action",
        "class": ["bard","sorcerer","wizard","artificer"],
        "duration": "1 minute",
        "range": "30ft",
        "components": {"v": true,"s": true,"m": null},
        "level": 0,
        "description": "A spectral, floating hand appears at a point you choose within range.",
        "damage": null
      },
      {
        "id": "mending",
        "name": "Mending",
        "school": "transmutation",
        "castingTime": "1 minute",
        "class": ["bard","cleric","druid","sorcerer","warlock","wizard","artificer"],
        "duration": "Instantaneous",
        "range": "Touch",
        "components": {"v": true,"s": true,"m": "two lodestones"},
        "level": 0,
        "description": "This spell repairs a single break or tear in an object you touch.",
        "damage": null
      },
      {
        "id": "message",
        "name": "Message",
        "school": "transmutation",
        "castingTime": "1 action",
        "class": ["bard","cleric","druid","sorcerer","warlock","wizard"],
        "duration": "1 round",
        "range": "120ft",
        "components": {"v": true,"s": true,"m": "a short piece of copper wire"},
        "level": 0,
        "description": "You point your finger toward a creature in range and whisper a message.",
        "damage": null
      },
      {
        "id": "minor_illusion",
        "name": "Minor Illusion",
        "school": "illusion",
        "castingTime": "1 action",
        "class": ["bard","sorcerer","wizard"],
        "duration": "1 minute",
        "range": "30ft",
        "components": {"v": false,"s": true,"m": null},
        "level": 0,
        "description": "You create a sound or an image of an object within range.",
        "damage": null
      },
      {
        "id": "poison_spray",
        "name": "Poison Spray",
        "school": "conjuration",
        "castingTime": "1 action",
        "class": ["druid","sorcerer","wizard"],
        "duration": "Instantaneous",
        "range": "10ft",
        "components": {"v": true,"s": true,"m": null},
        "level": 0,
        "description": "You extend your hand toward a creature you can see within range and project poison.",
        "damage": "1d12 poison"
      },
      {
        "id": "prestidigitation",
        "name": "Prestidigitation",
        "school": "transmutation",
        "castingTime": "1 action",
        "class": ["bard","sorcerer","warlock","wizard"],
        "duration": "Up to 1 hour",
        "range": "10ft",
        "components": {"v": true,"s": true,"m": null},
        "level": 0,
        "description": "This spell is a minor magical trick that novice spellcasters use for practice.",
        "damage": null
      },
      {
        "id": "produce_flame",
        "name": "Produce Flame",
        "school": "conjuration",
        "castingTime": "1 action",
        "class": ["druid"],
        "duration": "10 minutes",
        "range": "Self",
        "components": {"v": true,"s": true,"m": null},
        "level": 0,
        "description": "A flickering flame appears in your hand. You can use the flame to make a ranged spell attack.",
        "damage": "1d8 fire"
      },
      {
        "id": "ray_of_frost",
        "name": "Ray of Frost",
        "school": "evocation",
        "castingTime": "1 action",
        "class": ["druid","sorcerer","wizard"],
        "duration": "Instantaneous",
        "range": "60ft",
        "components": {"v": true,"s": true,"m": null},
        "level": 0,
        "description": "A frigid beam of blue‑white light streaks toward a creature within range.",
        "damage": "1d8 cold"
      },
      {
        "id": "resistance",
        "name": "Resistance",
        "school": "abjuration",
        "castingTime": "1 action",
        "class": ["cleric","druid"],
        "duration": "Concentration, up to 1 minute",
        "range": "Touch",
        "components": {"v": true,"s": true,"m": null},
        "level": 0,
        "description": "You touch one willing creature. Once before the spell ends, the target can roll a d4 and add the number to one saving throw of its choice.",
        "damage": null
      },
      {
        "id": "sacred_flame",
        "name": "Sacred Flame",
        "school": "evocation",
        "castingTime": "1 action",
        "class": ["cleric"],
        "duration": "Instantaneous",
        "range": "60ft",
        "components": {"v": true,"s": true,"m": null},
        "level": 0,
        "description": "Flame-like radiance descends on a creature that you can see within range.",
        "damage": "1d8 radiant"
      },
      {
        "id": "shillelagh",
        "name": "Shillelagh",
        "school": "transmutation",
        "castingTime": "1 bonus action",
        "class": ["druid"],
        "duration": "1 minute",
        "range": "Touch",
        "components": {"v": true,"s": true,"m": "mistletoe or holly, a shamrock leaf"},
        "level": 0,
        "description": "The wood of a club or quarterstaff you are holding is imbued with nature’s power.",
        "damage": null
      },
      {
        "id": "shocking_grasp",
        "name": "Shocking Grasp",
        "school": "evocation",
        "castingTime": "1 action",
        "class": ["sorcerer","warlock","wizard"],
        "duration": "Instantaneous",
        "range": "Touch",
        "components": {"v": true,"s": true,"m": null},
        "level": 0,
        "description": "Lightning springs from your hand to deliver a shock to a creature you try to touch.",
        "damage": "1d8 lightning"
      },
      {
        "id": "spare_the_dying",
        "name": "Spare the Dying",
        "school": "necromancy",
        "castingTime": "1 action",
        "class": ["cleric"],
        "duration": "Instantaneous",
        "range": "Touch",
        "components": {"v": false,"s": true,"m": null},
        "level": 0,
        "description": "You touch a living creature that has 0 hit points. The creature becomes stable.",
        "damage": null
      },
      {
        "id": "thaumaturgy",
        "name": "Thaumaturgy",
        "school": "transmutation",
        "castingTime": "1 action",
        "class": ["cleric"],
        "duration": "Up to 1 minute",
        "range": "30ft",
        "components": {"v": true,"s": false,"m": null},
        "level": 0,
        "description": "You manifest a minor wonder, such as a booming sound or flickering flame.",
        "damage": null
      },
      {
        "id": "true_strike",
        "name": "True Strike",
        "school": "divination",
        "castingTime": "1 action",
        "class": ["bard","sorcerer","wizard"],
        "duration": "Concentration, up to 1 round",
        "range": "30ft",
        "components": {"v": false,"s": true,"m": null},
        "level": 0,
        "description": "You point a finger at a target in range. On your next turn, you gain advantage on your first attack roll.",
        "damage": null
      },
      {
        "id": "vicious_mockery",
        "name": "Vicious Mockery",
        "school": "enchantment",
        "castingTime": "1 action",
        "class": ["bard"],
        "duration": "Instantaneous",
        "range": "60ft",
        "components": {"v": true,"s": true,"m": null},
        "level": 0,
        "description": "You unleash a string of insults laced with subtle enchantment. If a creature can hear you, it must succeed on a Wisdom saving throw or take psychic damage.",
        "damage": "1d4 psychic"
      }
    ]
  }
}
