{
    "grimoire": {
        "id": "grimoire",
        "name": "Grimoire",
        "filters": {
            "school": ["abjuration", "conjuration", "divination", "enchantment", "evocation", "illusion", "necromancy", "transmutation"],
            "level": [0, 1, 2, 3, 4, 5, 6, 7, 8, 9]
        },
        "contents": [
            {
                "id": "fireball",
                "name": "Fireball",
                "school": "evocation",
                "level": 3,
                "description": "A burst of fire in a 20ft radius sphere.",
                "damage": "8d6",
                "range": "150ft"
            }
        ]
    }
}